Product,Recommendation
Plastic Bottle,Reusable Stainless Steel Bottle
Plastic Bag,Cloth Bag
Paper Cup,Ceramic Cup
Plastic Straw,Metal Straw
Paper Towel,Reusable Cloth Towel
Plastic Spoon,Bamboo Spoon
Plastic Fork,Bamboo Fork
Plastic Knife,Bamboo Knife
Single-Use Cup,Reusable Coffee Mug
Plastic Wrapper,Compostable Wrapper
Plastic Plate,Bamboo Plate
Plastic Bag,Reusable Tote Bag
Plastic Straw,Glass Straw
Plastic Utensils,Wooden Utensils
Disposable Cutlery,Reusable Cutlery Set
Plastic Food Container,Glass Food Container
Plastic Wrap,Beeswax Wrap
Disposable Camera,Digital Camera
Plastic Water Bottle,Stainless Steel Water Bottle
Plastic Shopping Bag,Reusable Shopping Bag
Plastic Packaging,Recycled Packaging
Plastic Wrap,Compostable Wrap
Plastic Packaging,Biodegradable Packaging
Plastic Straw,Sugarcane Straw
Plastic Toothbrush,Bamboo Toothbrush
Plastic Pen,Recycled Pen
Plastic Plate,Compostable Plate
Plastic Cup,Paper Cup
Plastic Bag,Reusable Mesh Bag
Plastic Food Wrap,Cloth Food Wrap
Plastic Lunch Box,Stainless Steel Lunch Box
Plastic Cooler,Reusable Cooler Bag
Plastic Cutlery,Stainless Steel Cutlery
Plastic Bottle,Bamboo Bottle
Plastic Straws,Silicone Straws
Plastic Bags,Cloth Bags
Aluminum Foil,Beeswax Wrap
Disposable Batteries,Rechargeable Batteries
Plastic Shoes,Leather Shoes
Plastic Cups,Paper Cups
Aluminum Cans,Glass Bottles
Plastic Coffee Cups,Reusable Coffee Cups
Plastic Containers,Glass Containers
Disposable Razor,Reusable Razor
Plastic Wrapping Paper,Recycled Wrapping Paper
Plastic Coated Paper,Recycled Paper
Plastic Liner,Compostable Liner
Single-Use Plastic,Reusable Container
Plastic Spoons,Wooden Spoons
Plastic Bags,Reusable Jute Bags
Disposable Tablecloths,Reusable Tablecloths
Plastic Hair Brush,Bamboo Hair Brush
Plastic Shower Curtain,Fabric Shower Curtain
Plastic Garden Pots,Clay Pots
Plastic Lids,Glass Lids
Plastic Toothpaste Tube,Toothpaste Tablets
Plastic Packaging,Edible Packaging
Plastic Mirrors,Wooden Mirrors
Plastic Tape,Recycled Paper Tape
Plastic Boxes,Cardboard Boxes
Plastic Furniture,Wooden Furniture
Plastic Tarps,Canvas Tarps
Plastic Umbrella,Recycled Umbrella
Plastic Wrap,Paper Wrap
Plastic Lighters,Reusable Lighters
Plastic Bottles,Glass Bottles
Plastic Tupperware,Glass Tupperware
Plastic Toothbrush Holder,Bamboo Toothbrush Holder
Plastic Bed Frame,Wooden Bed Frame
Plastic Cups,Bamboo Cups
Plastic Straws,Paper Straws
Plastic Brushes,Bamboo Brushes
Plastic Clothes Hangers,Wooden Clothes Hangers
Plastic Adhesive,Paper Adhesive
Plastic Gloves,Cloth Gloves
Plastic Dustbin,Metal Dustbin
Plastic Sheets,Recycled Paper Sheets
Plastic Wrap,Cloth Wrap
Plastic Toothbrush,Bamboo Toothbrush
Plastic Cups,Bamboo Cups
Aluminum Cans,Recycled Cans
Plastic Bags,Recyclable Plastic Bags
Plastic Water Bottle,Glass Water Bottle
Plastic Fork,Wooden Fork
Plastic Straw,Wooden Straw
Plastic Tupperware,Stainless Steel Tupperware
Plastic Plate,Paper Plate
Plastic Spoon,Stainless Steel Spoon
Plastic Fork,Stainless Steel Fork
Plastic Knife,Stainless Steel Knife
Plastic Glass,Paper Glass
Plastic Food Wrap,Wax Paper Wrap
Plastic Cover,Recycled Cover
Plastic Knife,Wooden Knife
Plastic Bags,Reusable Cotton Bags
Plastic Bags,Paper Bags
Plastic Food Wrap,Recyclable Food Wrap
Plastic Spoons,Metal Spoons
Plastic Cups,Metal Cups
Plastic Wrap,Reusable Wrap
Plastic Bags,Cloth Bags
Plastic Food Box,Glass Food Box
Plastic Cutlery,Compostable Cutlery
Plastic Straws,Paper Straws
Plastic Bottle,Wooden Bottle
Plastic Wrap,Recycled Paper Wrap
Plastic Plates,Compostable Plates
Plastic Utensils,Stainless Steel Utensils
Plastic Cup,Reusable Cup
Plastic Plates,Wooden Plates
Plastic Bags,Eco-Friendly Bags
Plastic Wrap,Compostable Film Wrap
Plastic Cutlery,Plastic-Free Cutlery
Plastic Packaging,Eco-Friendly Packaging
Plastic Lids,Reusable Lids
Plastic Bottles,Compostable Bottles
Plastic Packaging,Recyclable Packaging
Plastic Toothbrush,Compostable Toothbrush
Plastic Bags,Green Bags
Plastic Straws,Plastic-Free Straws
Plastic Liner,Compostable Liner
Plastic Bottle,Glass Bottle
Plastic Bags,Reusable Mesh Bags
Plastic Cutlery,Recycled Cutlery
Plastic Tray,Recyclable Tray
Plastic Wrap,Eco Wrap
Plastic Bottle,Recycled Plastic Bottle
Plastic Cups,Compostable Cups
Plastic Lids,Wooden Lids
Plastic Utensils,Bamboo Utensils
Plastic Gloves,Recycled Gloves
Plastic Plates,Wooden Plates
Plastic Straws,Stainless Steel Straws
Plastic Containers,Wooden Containers
Plastic Boxes,Reusable Boxes
Plastic Wrap,Recycled Plastic Wrap
Plastic Cups,Reusable Paper Cups
Plastic Bottles,Reusable Plastic Bottles
Plastic Containers,Biodegradable Containers
Plastic Cups,Recyclable Cups
Plastic Plates,Recyclable Plates
Plastic Straws,Glass Straws
Plastic Bags,Recycled Bags
Plastic Tray,Compostable Tray
Plastic Wrap,Cloth Wrap
Plastic Bottles,Recyclable Bottles
Plastic Containers,Glass Containers
Plastic Plate,Compostable Plate
Plastic Bags,Reusable Jute Bags
Plastic Straws,Wooden Straws
Plastic Toothbrush,Compostable Toothbrush
Plastic Shoes,Recycled Shoes
Plastic Cups,Recycled Cups
Plastic Spoons,Wooden Spoons
Plastic Cutlery,Recycled Cutlery
Plastic Bags,Cloth Shopping Bags
Plastic Packaging,Compostable Packaging
Plastic Wrap,Cloth Packaging
Plastic Utensils,Bamboo Utensils
Plastic Bottle,Glass Water Bottle
Plastic Wrap,Recycled Material Wrap
Plastic Bags,Paper Shopping Bags
Plastic Straws,Reusable Silicone Straws
Plastic Cutlery,Recycled Stainless Steel Cutlery
Plastic Plate,Recycled Plastic Plate
Plastic Cups,Reusable Silicone Cups
Plastic Wrap,Paper Wrap
Plastic Liner,Biodegradable Liner
Plastic Bags,Compostable Bags
Plastic Spoons,Bamboo Spoons
Plastic Bottles,Compostable Plastic Bottles
Plastic Bags,Reusable Cloth Bags
Plastic Wrap,Silicone Wrap
Plastic Bags,Recyclable Tote Bags
Plastic Cups,Recycled Paper Cups
Plastic Straws,Reusable Glass Straws
Plastic Containers,Recycled Plastic Containers
Plastic Plates,Recyclable Plastic Plates
Plastic Cutlery,Reusable Bamboo Cutlery
Plastic Bags,Recyclable Jute Bags
Plastic Toothbrush,Compostable Toothbrush Holder
Plastic Packaging,Recyclable Paper Packaging
Plastic Wrap,Recycled Paper Wrap
Plastic Lids,Reusable Paper Lids
Plastic Utensils,Compostable Utensils
Plastic Bags,Reusable Biodegradable Bags
Plastic Bottle,Reusable Water Bottle
Plastic Bags,Recyclable Plastic Bags
Plastic Straws,Paper Straws
Plastic Utensils,Reusable Stainless Steel Utensils
Plastic Forks,Wooden Forks
Plastic Spoons,Wooden Spoons
Plastic Knife,Wooden Knife
Plastic Bags,Compostable Bags
Plastic Spoons,Reusable Stainless Steel Spoons
Plastic Straws,Compostable Straws
Plastic Plates,Compostable Plates
Plastic Spoons,Compostable Spoons
Plastic Bags,Compostable Paper Bags
Plastic Containers,Reusable Glass Containers
Plastic Bags,Reusable Fabric Bags
Plastic Spoons,Compostable Wooden Spoons
Plastic Wrap,Reusable Food Wrap
Plastic Plates,Wooden Plates
Plastic Cups,Paper Cups
Plastic Bags,Reusable Canvas Bags
Plastic Wrap,Compostable Paper Wrap
Plastic Straws,Recyclable Paper Straws
Plastic Plates,Recyclable Paper Plates
Plastic Toothbrush,Recyclable Toothbrush
Plastic Cutlery,Recycled Paper Cutlery
Plastic Bags,Compostable Paper Shopping Bags
Plastic Lids,Compostable Paper Lids
Plastic Bags,Reusable Grocery Bags
Plastic Wrap,Recyclable Paper Wrap
Plastic Toothbrush,Bamboo Toothbrush Holder
Plastic Plate,Compostable Wooden Plate
Plastic Bags,Recyclable Reusable Bags
Plastic Cutlery,Wooden Reusable Cutlery
Plastic Bottles,Reusable Glass Bottles
Plastic Packaging,Recycled Paper Packaging
Plastic Straw,Compostable Straw
Plastic Wrap,Silicone Food Wrap
Plastic Utensils,Compostable Paper Utensils
Plastic Liner,Recyclable Paper Liner
Plastic Bottles,Compostable Water Bottles
Plastic Bags,Paper Shopping Bags
Plastic Straws,Reusable Steel Straws
Plastic Cups,Recyclable Paper Cups
Plastic Packaging,Compostable Paper Packaging
Plastic Bottles,Recyclable Plastic Bottles
Plastic Bags,Recyclable Fabric Bags
Plastic Wrap,Reusable Paper Wrap
Plastic Plates,Wooden Compostable Plates
Plastic Lids,Reusable Paper Lids
Plastic Cutlery,Recyclable Stainless Steel Cutlery
Plastic Cutlery,Wooden Recyclable Cutlery
Plastic Cups,Recyclable Plastic Cups
Plastic Bags,Cloth Shopping Bags
Plastic Plates,Compostable Plastic Plates
Plastic Straws,Compostable Paper Straws
Plastic Wrap,Reusable Paper Wrap
